{
    "name": "root",
    "gauges": {
        "SzitakotoBehavior.Policy.Entropy.mean": {
            "value": 0.7154067158699036,
            "min": 0.7154067158699036,
            "max": 1.4257354736328125,
            "count": 221
        },
        "SzitakotoBehavior.Policy.Entropy.sum": {
            "value": 35884.80078125,
            "min": 35884.80078125,
            "max": 72479.3671875,
            "count": 221
        },
        "SzitakotoBehavior.Environment.EpisodeLength.mean": {
            "value": 526.978021978022,
            "min": 124.25064599483204,
            "max": 606.5632183908046,
            "count": 221
        },
        "SzitakotoBehavior.Environment.EpisodeLength.sum": {
            "value": 47955.0,
            "min": 44814.0,
            "max": 53192.0,
            "count": 221
        },
        "SzitakotoBehavior.Step.mean": {
            "value": 11049892.0,
            "min": 49908.0,
            "max": 11049892.0,
            "count": 221
        },
        "SzitakotoBehavior.Step.sum": {
            "value": 11049892.0,
            "min": 49908.0,
            "max": 11049892.0,
            "count": 221
        },
        "SzitakotoBehavior.Policy.ExtrinsicValueEstimate.mean": {
            "value": 71.30374908447266,
            "min": 0.049760375171899796,
            "max": 76.6821060180664,
            "count": 221
        },
        "SzitakotoBehavior.Policy.ExtrinsicValueEstimate.sum": {
            "value": 15829.4326171875,
            "min": 20.849597930908203,
            "max": 16793.380859375,
            "count": 221
        },
        "SzitakotoBehavior.Environment.CumulativeReward.mean": {
            "value": 2067.239227875419,
            "min": 254.33498902394982,
            "max": 2439.7489876452787,
            "count": 221
        },
        "SzitakotoBehavior.Environment.CumulativeReward.sum": {
            "value": 190186.00896453857,
            "min": 98173.30576324463,
            "max": 209079.5357131958,
            "count": 221
        },
        "SzitakotoBehavior.Policy.ExtrinsicReward.mean": {
            "value": 2067.239227875419,
            "min": 254.33498902394982,
            "max": 2439.7489876452787,
            "count": 221
        },
        "SzitakotoBehavior.Policy.ExtrinsicReward.sum": {
            "value": 190186.00896453857,
            "min": 98173.30576324463,
            "max": 209079.5357131958,
            "count": 221
        },
        "SzitakotoBehavior.IsTraining.mean": {
            "value": 1.0,
            "min": 1.0,
            "max": 1.0,
            "count": 221
        },
        "SzitakotoBehavior.IsTraining.sum": {
            "value": 1.0,
            "min": 1.0,
            "max": 1.0,
            "count": 221
        },
        "SzitakotoBehavior.Losses.PolicyLoss.mean": {
            "value": 0.012108934397110716,
            "min": 0.009169883967842907,
            "max": 0.01587861227259661,
            "count": 220
        },
        "SzitakotoBehavior.Losses.PolicyLoss.sum": {
            "value": 0.012108934397110716,
            "min": 0.009169883967842907,
            "max": 0.01587861227259661,
            "count": 220
        },
        "SzitakotoBehavior.Losses.ValueLoss.mean": {
            "value": 1.7711144049962362,
            "min": 1.4033714354038238,
            "max": 866.735503133138,
            "count": 220
        },
        "SzitakotoBehavior.Losses.ValueLoss.sum": {
            "value": 1.7711144049962362,
            "min": 1.4033714354038238,
            "max": 866.735503133138,
            "count": 220
        },
        "SzitakotoBehavior.Policy.LearningRate.mean": {
            "value": 0.00022431585513684002,
            "min": 0.00022431585513684002,
            "max": 0.00049874980025004,
            "count": 220
        },
        "SzitakotoBehavior.Policy.LearningRate.sum": {
            "value": 0.00022431585513684002,
            "min": 0.00022431585513684002,
            "max": 0.00049874980025004,
            "count": 220
        },
        "SzitakotoBehavior.Policy.Epsilon.mean": {
            "value": 0.14486316,
            "min": 0.14486316,
            "max": 0.19974996,
            "count": 220
        },
        "SzitakotoBehavior.Policy.Epsilon.sum": {
            "value": 0.14486316,
            "min": 0.14486316,
            "max": 0.19974996,
            "count": 220
        },
        "SzitakotoBehavior.Policy.Beta.mean": {
            "value": 0.0022486716840000006,
            "min": 0.0022486716840000006,
            "max": 0.004987523004000002,
            "count": 220
        },
        "SzitakotoBehavior.Policy.Beta.sum": {
            "value": 0.0022486716840000006,
            "min": 0.0022486716840000006,
            "max": 0.004987523004000002,
            "count": 220
        }
    },
    "metadata": {
        "timer_format_version": "0.1.0",
        "start_time_seconds": "1734284148",
        "python_version": "3.7.12 | packaged by conda-forge | (default, Oct 26 2021, 05:35:01) [MSC v.1916 64 bit (AMD64)]",
        "command_line_arguments": "C:\\Users\\Nandi\\anaconda3\\envs\\unity\\Scripts\\mlagents-learn configs/config3.yaml --run-id=RUN5",
        "mlagents_version": "0.28.0",
        "mlagents_envs_version": "0.28.0",
        "communication_protocol_version": "1.5.0",
        "pytorch_version": "1.7.1+cu110",
        "numpy_version": "1.21.6",
        "end_time_seconds": "1734297689"
    },
    "total": 13541.1008315,
    "count": 1,
    "self": 0.010397800000646384,
    "children": {
        "run_training.setup": {
            "total": 0.11026130000000034,
            "count": 1,
            "self": 0.11026130000000034
        },
        "TrainerController.start_learning": {
            "total": 13540.980172399999,
            "count": 1,
            "self": 16.665711400677537,
            "children": {
                "TrainerController._reset_env": {
                    "total": 16.4629971,
                    "count": 1,
                    "self": 16.4629971
                },
                "TrainerController.advance": {
                    "total": 13507.724744599323,
                    "count": 574027,
                    "self": 8.846018200152685,
                    "children": {
                        "env_step": {
                            "total": 13498.87872639917,
                            "count": 574027,
                            "self": 8273.371469599202,
                            "children": {
                                "SubprocessEnvManager._take_step": {
                                    "total": 5216.899731500131,
                                    "count": 574027,
                                    "self": 46.429886700260795,
                                    "children": {
                                        "TorchPolicy.evaluate": {
                                            "total": 5170.46984479987,
                                            "count": 554724,
                                            "self": 1445.584516200105,
                                            "children": {
                                                "TorchPolicy.sample_actions": {
                                                    "total": 3724.8853285997648,
                                                    "count": 554724,
                                                    "self": 3724.8853285997648
                                                }
                                            }
                                        }
                                    }
                                },
                                "workers": {
                                    "total": 8.607525299839313,
                                    "count": 574026,
                                    "self": 0.0,