{"count":1,"self":527.74732799999992,"total":531.9460001,"children":{"InitializeActuators":{"count":1,"self":0.0019998999999999998,"total":0.0019998999999999998,"children":null},"InitializeSensors":{"count":1,"self":0.0034774999999999997,"total":0.0034774999999999997,"children":null},"AgentSendState":{"count":26314,"self":0.526965,"total":0.5819814,"children":{"CollectObservations":{"count":5263,"self":0.0115065,"total":0.0115065,"children":null},"WriteActionMask":{"count":5263,"self":0.0080287999999999991,"total":0.0080287999999999991,"children":null},"RequestDecision":{"count":5263,"self":0.0354811,"total":0.0354811,"children":null}}},"DecideAction":{"count":26314,"self":3.2539428,"total":3.3247676999999998,"children":{"RayPerceptionSensor.Perceive":{"count":15789,"self":0.070825,"total":0.070825,"children":null}}},"AgentAct":{"count":26314,"self":0.28545509999999996,"total":0.28545509999999996,"children":null}},"gauges":{"SzitakotoBehavior.CumulativeReward":{"count":7,"max":4914.75,"min":745.5,"runningAverage":3202.03564,"value":4778,"weightedAverage":3399.63379}},"metadata":{"timer_format_version":"0.1.0","start_time_seconds":"1734378059","unity_version":"6000.0.30f1","command_line_arguments":"E:\\Unity\\6000.0.30f1\\Editor\\Unity.exe -projectpath E:\\nandi\\RLproject\\Szitakoto -useHub -hubIPC -cloudEnvironment production","communication_protocol_version":"1.5.0","com.unity.ml-agents_version":"3.0.0","scene_name":"SampleScene","end_time_seconds":"1734378591"}}