{"count":1,"self":1689.5780863999998,"total":8756.6346792,"children":{"InitializeActuators":{"count":40,"self":0.0020036999999999998,"total":0.0020036999999999998,"children":null},"InitializeSensors":{"count":40,"self":0.0035007,"total":0.0035007,"children":null},"AgentSendState":{"count":1250084,"self":256.1204992,"total":439.64615829999997,"children":{"CollectObservations":{"count":10000680,"self":6.4667252,"total":6.4667252,"children":null},"WriteActionMask":{"count":10000680,"self":6.1839328,"total":6.1839328999999994,"children":null},"RequestDecision":{"count":10000680,"self":25.045416,"total":170.8749904,"children":{"AgentInfo.ToProto":{"count":10000680,"self":19.759342399999998,"total":145.82957439999998,"children":{"GenerateSensorData":{"count":10000680,"self":107.0116032,"total":126.07023269999999,"children":{"RayPerceptionSensor.Perceive":{"count":10000680,"self":19.0586304,"total":19.0586298,"children":null}}}}}}}}},"DecideAction":{"count":1250084,"self":6546.9382656,"total":6546.9381349,"children":null},"AgentAct":{"count":1250084,"self":80.064044799999991,"total":80.4657634,"children":{"AgentInfo.ToProto":{"count":14721,"self":0.076959,"total":0.4017204,"children":{"GenerateSensorData":{"count":14721,"self":0.2827616,"total":0.3247614,"children":{"RayPerceptionSensor.Perceive":{"count":14721,"self":0.0419998,"total":0.0419998,"children":null}}}}}}}},"gauges":{"SzitakotoBehavior.CumulativeReward":{"count":14721,"max":4990.17529,"min":-1486.49329,"runningAverage":3226.7168,"value":4844.20654,"weightedAverage":3824.28125}},"metadata":{"timer_format_version":"0.1.0","start_time_seconds":"1734220351","unity_version":"6000.0.30f1","command_line_arguments":"E:\\Unity\\6000.0.30f1\\Editor\\Unity.exe -projectpath E:\\nandi\\RLproject\\Szitakoto -useHub -hubIPC -cloudEnvironment production","communication_protocol_version":"1.5.0","com.unity.ml-agents_version":"3.0.0","scene_name":"TrainingScene","end_time_seconds":"1734229108"}}