{"count":1,"self":693.3452288,"total":7672.2513057,"children":{"InitializeActuators":{"count":25,"self":0.0020242999999999997,"total":0.0020242999999999997,"children":null},"InitializeSensors":{"count":25,"self":0.0029977,"total":0.0029977,"children":null},"AgentSendState":{"count":419134,"self":132.38521599999999,"total":198.0684332,"children":{"CollectObservations":{"count":2095675,"self":1.8702754,"total":1.8702754,"children":null},"WriteActionMask":{"count":2095675,"self":1.6761207,"total":1.6761207,"children":null},"RequestDecision":{"count":2095675,"self":6.7650255999999995,"total":62.1368186,"children":{"AgentInfo.ToProto":{"count":2095675,"self":5.22662,"total":55.3717932,"children":{"GenerateSensorData":{"count":2095675,"self":41.2153856,"total":50.145173199999995,"children":{"RayPerceptionSensor.Perceive":{"count":6287025,"self":8.929788,"total":8.9297877,"children":null}}}}}}}}},"DecideAction":{"count":419134,"self":6757.4091776,"total":6757.4089848999993,"children":null},"AgentAct":{"count":419134,"self":23.3356496,"total":23.4231437,"children":{"AgentInfo.ToProto":{"count":2159,"self":0.0135062,"total":0.0874944,"children":{"GenerateSensorData":{"count":2159,"self":0.0619845,"total":0.07398819999999999,"children":{"RayPerceptionSensor.Perceive":{"count":6477,"self":0.012003699999999999,"total":0.012003699999999999,"children":null}}}}}}}},"gauges":{"SzitakotoBehavior.CumulativeReward":{"count":2159,"max":5000,"min":183.5,"runningAverage":4781.418,"value":5000,"weightedAverage":4951.20752}},"metadata":{"timer_format_version":"0.1.0","start_time_seconds":"1734379558","unity_version":"6000.0.30f1","command_line_arguments":"E:\\Unity\\6000.0.30f1\\Editor\\Unity.exe -projectpath E:\\nandi\\RLproject\\Szitakoto -useHub -hubIPC -cloudEnvironment production","communication_protocol_version":"1.5.0","com.unity.ml-agents_version":"3.0.0","scene_name":"TrainingScene","end_time_seconds":"1734387230"}}